ing,15895
ess,7538
ers,7514
ati,6930
nes,6925
ion,6918
ter,6405
ies,6005
tio,5675
ate,5628
ses,5013
ent,4728
ine,4217
tin,4212
ons,4167
ist,4023
est,3714
sse,3560
ver,3385
res,3370
lin,3352
tic,3350
per,3296
all,3253
ted,3246
ant,3103
ali,3101
les,3034
ble,3010
eri,2908
iti,2891
ica,2870
ous,2832
con,2810
tes,2802
rin,2691
tor,2660
tra,2652
rat,2643
ize,2640
cal,2636
men,2539
nte,2470
abl,2463
pre,2436
ene,2421
ste,2398
lat,2371
der,2370
sti,2370
ive,2360
ove,2353
lit,2306
ere,2299
tri,2283
nti,2244
int,2193
pro,2183
dis,2160
red,2150
ari,2064
str,2053
out,2031
her,2029
oni,2027
min,2011
gra,1994
era,1973
ili,1956
ran,1942
nce,1940
che,1937
ism,1931
tie,1915
and,1911
mis,1892
nde,1891
ect,1875
ier,1874
sta,1859
log,1845
lly,1844
ise,1835
olo,1834
the,1811
ins,1807
ite,1804
ast,1795
ill,1786
rea,1783
lis,1742
ish,1739
ato,1714
rie,1707
mat,1700
cti,1696
cat,1680
one,1664
non,1656
ina,1650
ell,1649
tiv,1619
led,1618
man,1585
ler,1584
nat,1583
ori,1577
chi,1548
lle,1546
ten,1538
sts,1527
sin,1526
rec,1524
ona,1518
ide,1513
enc,1498
ric,1498
ula,1497
tro,1491
ity,1473
nal,1473
lli,1473
ele,1468
com,1465
ack,1460
ome,1460
und,1454
ngs,1448
din,1436
des,1435
nts,1434
kin,1428
ris,1423
tte,1420
cha,1419
ard,1418
nin,1418
ner,1415
nis,1381
tat,1378
age,1378
ial,1377
ors,1369
lan,1363
anc,1356
ani,1356
par,1355
met,1339
ens,1337
eli,1334
tal,1331
ans,1329
for,1329
end,1321
car,1318
ici,1318
ass,1312
ces,1309
gen,1303
hin,1302
sto,1299
she,1297
pla,1283
ini,1277
shi,1271
rac,1269
ssi,1257
ort,1256
ore,1252
ria,1239
ete,1226
tur,1223
ogi,1213
liz,1203
rap,1203
ure,1201
pin,1201
ret,1201
eti,1195
mer,1195
oli,1194
bil,1191
rop,1179
ero,1163
las,1162
mon,1160
rit,1154
ost,1140
tis,1139
art,1139
hes,1138
act,1137
ain,1135
ron,1127
sub,1126
lar,1124
ear,1123
ser,1122
oun,1121
nic,1118
cul,1110
ree,1106
emi,1106
erm,1106
ker,1105
ose,1096
nta,1090
pho,1089
ral,1084
ang,1079
lic,1074
ita,1072
ind,1069
ros,1061
eni,1050
len,1046
use,1042
mic,1040
tan,1037
unc,1028
ned,1028
ger,1025
pos,1023
ead,1017
sed,1016
cro,1011
ber,1009
rep,1009
eat,1007
lla,1003
ara,1002
ven,1002
hea,1000
zin,998
cor,992
rou,992
ick,980
ndi,978
han,977
eme,970
igh,969
ole,966
ful,964
hor,963
unt,960
den,960
ght,956
lie,956
ren,953
rti,953
etr,953
ton,951
aph,949
cen,947
ifi,946
abi,944
ath,944
oph,943
ngl,943
phi,941
inc,940
oma,940
imp,933
ram,933
nit,930
wor,930
qui,927
omi,919
pol,913
ock,912
ora,911
gin,909
col,906
har,906
erc,905
ert,904
iat,903
ile,898
ult,897
are,896
ded,894
tre,892
nge,890
ont,889
zes,888
ale,888
nch,888
cho,886
ple,885
sms,885
tch,880
ade,879
spe,877
edi,877
eco,877
ian,876
ami,875
ges,874
zed,873
ace,871
rer,870
osi,866
cke,862
uri,861
oll,860
orm,853
ach,851
por,850
tab,846
llo,845
pri,844
ase,842
att,840
tar,840
ogr,838
app,838
mar,837
ntr,835
cou,833
ust,832
als,832
cks,831
sne,829
sco,828
sio,827
bra,826
can,826
pen,825
vel,824
lea,824
ono,822
ett,816
ame,814
cin,813
let,811
cra,810
ura,809
oti,808
ras,807
rot,805
hed,802
sup,799
ias,785
rom,781
ely,780
ane,778
idi,777
dic,774
cre,772
dia,771
tle,771
thi,771
tom,770
qua,769
win,769
isi,768
our,768
tho,762
adi,760
iss,760
sit,758
tel,756
riz,755
err,754
cer,752
ped,751
upe,750
oto,749
fer,748
oid,748
rel,747
rem,746
hal,744
eta,744
mor,744
ana,743
eas,735
nci,734
que,734
ves,733
esi,733
izi,733
fie,731
sen,730
iza,727
aci,726
hol,726
dec,725
ala,724
spi,723
ppe,723
sha,722
onc,721
ave,721
ail,721
pat,720
sis,720
ema,719
omp,717
isc,713
mes,708
ire,707
arr,705
ern,705
niz,704
ote,702
bar,701
ake,701
nne,701
ena,699
med,698
phe,697
sca,696
rad,696
iou,694
ets,694
eve,693
ike,691
sur,690
ope,689
til,687
cla,686
ood,686
arc,685
cle,684
ref,683
ime,682
rai,678
lec,678
gly,677
rol,676
ice,675
lac,674
ked,673
oge,672
hip,669
nco,669
tti,669
oth,669
roc,668
tit,666
pti,665
ivi,663
yin,663
emo,662
war,660
sol,659
rch,657
mal,656
ino,655
cto,654
dle,653
sal,652
mas,650
ars,648
tru,643
uti,641
ong,641
spo,639
cur,637
sho,637
ics,636
rri,636
rre,635
eno,635
zat,634
bac,633
scr,633
nsi,632
ond,632
roo,631
ash,630
dro,629
ese,628
mit,628
ium,627
bal,625
rab,624
rma,624
bri,624
hro,621
amp,621
cit,621
pha,620
oot,619
cia,618
gat,617
net,615
ein,615
ute,612
ola,610
son,610
nds,610
pan,610
ily,609
fla,608
ull,605
cri,604
gis,602
rid,600
sly,599
eed,598
low,598
itt,598
lor,597
ata,597
tim,596
nar,595
rse,595
ela,592
pic,591
rte,589
fin,588
lik,588
lam,587
nst,586
rus,586
esc,583
phy,583
pli,578
epi,577
cop,576
rag,575
mul,575
hil,575
ann,575
fic,574
inf,570
rmi,570
mpe,569
sor,569
nse,568
ied,567
erp,566
ary,561
hie,560
rog,559
eal,558
cie,558
odi,555
gie,555
uni,555
uns,554
hyp,554
lig,553
gle,552
asi,552
gre,551
thr,549
oin,549
ode,547
ede,547
lia,547
mme,546
bli,545
reg,544
pie,543
hem,542
hon,542
mil,542
oly,542
ord,542
dra,541
hen,541
dit,541
iso,540
eth,540
imi,540
ged,539
ual,538
bro,537
row,537
aut,535
oca,535
tiz,534
lti,534
erb,534
sem,534
bla,533
ndo,533
rio,533
ima,533
ien,532
loc,532
air,531
owe,531
ith,530
val,528
ign,528
cas,526
vin,525
ums,525
opi,524
orn,524
alo,522
uts,521
omo,521
hic,521
rim,518
ids,518
san,517
spa,517
lum,515
acc,515
nia,515
bin,514
ork,514
sel,514
die,513
tia,513
oss,512
mel,511
exp,511
ept,511
amb,511
tai,510
erl,510
duc,508
top,508
vis,508
cap,507
rds,507
eci,507
een,506
lon,505
mpl,505
bly,505
hel,504
erv,502
usn,502
ape,501
ban,500
nda,499
clo,499
ano,499
ink,498
agg,498
own,497
hot,497
rev,497
ril,495
nth,495
isa,494
los,494
arb,494
rdi,493
zer,492
dem,492
rge,489
hou,488
ech,487
ama,487
hoo,486
his,484
cis,484
gic,483
usi,483
ark,482
erg,481
bre,481
usl,481
ega,480
tif,480
arm,479
nom,479
uck,478
gal,477
dne,476
utt,475
emp,475
som,474
ext,474
umb,473
ict,472
siv,472
ibl,471
urs,471
pal,471
emb,470
nto,470
omm,469
rth,469
sch,469
els,469
sce,468
ype,467
lab,466
nni,466
tol,466
old,465
bit,464
bel,463
lim,463
lot,462
lls,461
tly,461
aff,459
ery,458
nos,457
nie,457
pit,457
bed,457
ntl,456
ida,455
tee,454
lou,454
elo,452
cki,451
plo,450
def,450
gro,450
ook,448
iol,448
rme,447
rei,447
pec,447
ees,447
fle,445
lne,445
flo,445
uct,445
bio,444
tos,444
sid,443
ila,442
tas,442
oro,442
ffi,442
del,442
boa,442
avi,441
rig,441
cte,440
sec,439
lus,439
wer,438
ott,438
fis,437
erf,436
iva,435
uff,434
alt,433
evi,431
vit,431
rif,431
ced,429
itu,429
ffe,428
cli,426
gar,426
gge,426
cel,426
pas,425
ito,425
hom,424
ank,423
bur,422
ory,421
bat,421
amm,421
eca,421
gan,421
uto,421
rip,419
leg,419
icr,418
rne,418
ips,417
equ,417
eer,417
isp,417
bul,416
ngi,416
ppi,416
mou,415
arg,415
ota,415
dly,414
apo,414
rum,414
ush,414
oon,413
squ,412
opo,411
una,410
ski,410
stu,408
pes,408
eto,407
fra,407
vat,406
rni,406
ads,406
ico,406
bas,405
nas,405
sat,405
rra,403
aro,403
mot,402
icu,402
dal,402
sci,402
dge,402
boo,402
och,402
onf,402
nan,401
pon,401
dat,401
atu,400
ats,400
woo,400
agi,400
lut,400
ule,400
mpa,399
ump,399
rav,398
rde,398
bor,397
tem,396
ean,395
cid,395
pot,394
pet,394
sma,393
hee,392
abo,391
lop,391
loo,391
chr,391
dom,390
ece,390
gon,389
sil,388
kie,387
nor,387
scu,387
dow,386
het,385
ssa,384
orp,383
oar,383
coc,383
nel,383
esp,382
ipp,381
atr,381
oke,381
wee,381
ugh,381
pac,379
imm,379
rib,378
bea,378
efi,377
lem,377
opp,377
tac,377
lio,376
sic,376
eur,374
tea,374
ool,374
ume,374
dri,373
mpo,373
mbe,372
eac,371
orr,370
dio,370
pul,370
cos,368
bes,368
amo,368
add,367
ckl,367
not,367
rob,367
ggi,366
esh,366
cta,365
dep,365
reb,365
oat,365
rbo,365
mol,365
mmi,363
rro,362
mie,362
ues,361
blo,361
mid,361
osp,360
ify,359
hos,359
mag,359
atc,358
glo,357
cep,357
uit,356
inn,356
ich,356
tag,356
epo,355
omb,355
riv,355
nol,355
tha,355
gne,353
fil,353
bus,353
edl,353
ung,352
whi,352
rst,352
sli,352
nsu,351
nou,351
yst,350
pel,350
uin,350
syn,349
oxi,348
fac,348
ogy,347
abb,346
lay,346
uat,346
ots,346
eep,346
rew,346
inv,346
ado,345
epa,345
nve,345
sie,345
cus,344
rce,344
uli,344
gri,344
ude,343
bou,343
pur,343
its,343
bon,343
flu,343
sig,343
epr,343
ths,342
eck,342
ils,341
iga,340
ecu,340
lde,340
rts,340
gli,339
vol,339
lag,339
rli,339
bol,338
mos,337
urn,337
rsi,337
uth,337
urr,336
nab,336
mbl,334
pra,334
ays,334
arl,334
hyd,333
obi,332
api,331
cru,331
gla,331
kle,330
tli,330
wat,330
eak,329
tam,329
ops,329
lip,328
nke,328
pis,328
ctu,327
toc,327
mac,327
sso,327
sea,326
dea,326
ibi,325
dan,325
ydr,325
ows,324
ecr,323
uss,323
xes,323
urg,323
off,323
eph,323
pea,323
but,323
fre,323
lif,322
udi,320
hum,320
tou,318
gam,318
pil,317
set,317
itr,317
iri,317
epe,316
rna,316
sla,316
ket,316
sul,315
ods,315
spr,315
lte,315
mbo,314
uta,314
eso,313
llu,312
eva,312
lad,312
ago,312
rgi,312
ham,311
uro,311
tne,310
opa,310
oom,310
cut,310
erd,310
pir,310
aki,310
neu,309
rod,309
coa,309
has,309
olu,308
tua,308
lai,308
ruc,308
enn,308
det,306
fir,305
egr,305
ncy,305
efu,304
iff,304
gui,304
ndl,303
smo,302
rta,302
osc,302
rba,302
sar,301
oil,301
nso,301
rbi,301
ebo,300
egi,300
way,300
ira,300
mus,299
typ,299
kes,298
eam,297
onv,297
asc,297
bbe,296
alk,296
dre,296
umm,296
don,296
ois,296
ngu,296
ams,296
eet,296
aps,296
aft,296
arn,296
ddl,295
ndu,295
mpi,295
rmo,294
umi,293
rov,293
geo,292
fro,292
sph,291
rco,291
gue,291
ava,291
roi,290
eel,290
reo,289
dli,289
rve,289
fli,287
unk,287
nif,287
mod,287
oco,287
uch,286
ben,286
ols,286
nac,286
irr,285
rsh,285
ipe,285
une,284
ewa,284
sia,284
ttl,283
nec,283
opl,282
edn,282
cio,281
van,281
roa,281
lid,281
eds,280
hab,280
onn,280
div,280
hat,280
cum,280
ilo,279
mba,279
ada,278
mma,278
tec,277
gas,277
cam,277
acr,277
wea,276
rke,275
uls,275
try,275
ibe,275
ife,275
rle,275
tta,274
uar,274
dar,274
ovi,273
thy,272
uis,272
oci,272
eng,272
dde,271
soc,271
nea,271
eis,271
rks,270
wel,270
tig,270
hit,269
edu,269
ige,269
ndr,269
exe,268
oad,268
hne,268
oug,267
exc,267
tid,267
aca,266
run,266
ved,266
fec,265
rph,265
hop,265
cab,265
loi,265
orc,265
aba,264
arp,264
mbi,264
fri,264
nki,264
lib,264
cil,263
oso,263
eba,263
bbi,263
mia,263
unb,262
ken,262
mun,262
uil,262
org,262
raf,261
imb,261
ubs,260
put,260
dor,260
plu,260
itc,260
cot,259
nfe,259
oes,259
odo,259
oce,259
rcu,259
nap,258
uln,258
mph,258
tot,257
var,257
alu,257
ogg,256
erw,254
pte,254
dul,254
ocu,254
noc,254
oos,254
tip,253
aun,253
sle,253
coo,253
ssn,253
apt,253
urb,252
ske,252
loa,252
gna,251
nca,251
ctr,251
lee,251
hir,250
rga,250
bir,250
ird,250
ony,249
eig,249
spl,249
ypo,249
mmo,249
enu,248
exi,248
upp,248
iqu,248
aus,248
alc,247
tto,247
fol,247
nee,247
cts,247
eab,246
lve,246
sim,246
raw,246
chu,246
nag,246
fus,245
uma,245
tog,245
nct,245
wed,245
efe,245
mbr,245
iar,244
ddi,244
nam,244
alm,243
hri,243
epl,242
ltr,242
rar,242
see,242
lob,242
pod,242
mea,241
pto,241
otr,241
gul,241
wal,240
ios,240
sum,240
eda,240
ubb,240
nen,240
gel,239
vic,239
nfi,239
oga,239
eol,239
dev,238
osa,238
ugg,238
sou,238
vil,237
smi,237
ais,237
abs,237
uen,237
yer,237
utr,236
lun,236
eou,236
via,236
asp,236
bbl,235
chl,235
ibr,235
swa,235
oms,235
lue,234
fur,234
dol,234
oba,234
urt,233
unr,233
stl,233
abe,232
nfo,232
blu,232
shn,232
hai,230
ngr,230
poi,230
ubl,230
vir,230
orb,230
ild,229
igg,229
ycl,229
agn,229
cyc,229
nsp,228
reh,228
gni,228
nio,228
ege,227
sab,227
foo,227
aly,227
ecl,227
cip,227
hte,226
nsh,226
lap,225
inu,225
moo,225
sib,225
dog,224
lex,224
apa,224
ewe,224
nga,224
tum,224
edo,224
far,223
sme,223
nli,223
efo,223
lys,223
ift,222
aco,222
obe,222
iab,222
imo,222
jec,221
aye,221
rca,221
ncl,221
num,221
adr,221
dam,220
sac,220
ups,220
obb,220
mak,220
gor,219
mpr,219
wit,219
lep,219
pou,219
ulo,219
psi,219
sno,219
clu,219
axi,219
ggl,218
dif,218
yte,218
rof,218
irt,218
pyr,218
iro,218
whe,217
ido,217
pop,217
eye,217
opt,217
ebr,217
oop,217
aga,217
cyt,216
igi,216
eld,216
tud,216
dos,216
nog,216
nim,216
hap,216
rpe,215
liv,215
nop,214
nsa,214
ipl,214
dig,213
idd,213
pun,213
lau,212
ntu,212
lev,212
rpo,212
rms,212
opr,212
rci,211
avo,211
lom,211
nna,211
iot,210
fan,210
rvi,210
obs,210
hyl,209
gua,209
ssu,208
mmu,208
exa,208
miz,208
tyl,208
oof,208
unn,208
ffl,208
ppl,208
tap,207
kil,207
azi,207
nre,205
irs,205
mut,205
luc,205
cad,205
vas,205
rso,205
coi,205
aud,204
yme,204
obl,204
vie,204
owl,204
asm,204
shl,204
evo,203
dil,203
ych,203
too,203
was,203
nad,203
fal,203
rns,202
nfl,202
eop,202
ncu,202
unp,202
ray,202
occ,202
yro,201
fyi,201
aul,201
cry,201
rbe,201
jac,201
uce,200
bet,200
sty,200
hyt,200
dou,200
ilt,200
twi,199
yth,199
oul,199
hag,199
swi,199
bru,198
agr,198
coe,198
swe,198
irc,198
mai,198
lav,197
eys,197
cod,197
aze,197
bic,196
pid,196
igr,196
fun,196
ncr,196
ysi,196
ppr,195
unf,195
wis,194
uer,194
tir,194
ccu,194
psy,194
nig,194
ipa,194
udg,193
bot,193
tet,193
poo,193
elt,193
hre,192
rki,192
iet,192
rhe,192
hts,192
eon,192
sna,192
tun,192
aug,191
ocy,191
vul,191
oct,191
owi,191
gno,191
ocr,191
bst,191
ior,190
leo,190
ubi,190
erh,190
sai,189
fed,189
omy,189
fes,189
yed,188
bos,188
nme,188
rsa,188
acu,188
now,187
wri,187
ewo,187
yto,186
efl,186
cir,186
nvi,186
edr,185
kli,185
fte,185
nut,185
dab,184
uci,184
rly,184
tme,184
get,184
ebe,183
mpu,183
doc,183
xin,183
iel,183
yla,183
nsc,183
ipo,183
rub,183
ouc,182
aer,182
aso,182
mog,182
aur,182
ngo,182
git,182
oty,181
shr,180
syc,180
rva,180
lds,180
oki,180
iac,179
cet,179
oor,179
pai,179
nem,179
tus,178
dip,178
upl,178
ppo,178
fel,177
yli,177
eff,177
hun,177
ewi,177
rry,177
pap,176
phr,176
bie,176
ciz,176
eap,176
hec,175
ego,175
vid,175
pee,175
slo,175
hys,175
sth,175
fat,174
fen,174
hly,174
tfu,174
xtr,174
lur,174
lyc,173
nul,173
deb,173
noi,173
diz,173
fas,172
ait,172
exo,172
kee,172
rup,172
nid,172
sep,171
box,171
iev,171
sun,171
riu,171
key,171
tib,171
cce,171
nqu,171
yri,170
nuc,170
gia,170
voc,170
oup,170
eav,170
ssl,170
cco,170
leb,170
mpt,169
ryo,169
ova,169
how,169
anu,168
pig,168
nno,168
yll,168
cif,167
lod,167
elu,167
hur,166
ffs,166
igo,166
utc,166
adv,166
sus,166
rpr,166
sop,166
hau,166
tul,166
gru,165
wan,165
new,165
ney,165
wom,165
nks,165
lub,165
kis,165
chy,165
eho,165
neo,165
sex,164
thu,164
ube,164
ehe,164
sau,164
obo,163
ipt,163
eem,163
rdo,163
egu,163
bis,163
epu,163
sei,163
bec,163
zoo,162
upt,162
awa,162
cem,162
odu,162
adm,161
uan,161
ymp,161
esu,161
hlo,161
cov,160
esa,160
bow,160
ibb,160
das,160
vor,160
rud,160
iph,160
ulf,160
toi,160
xpe,160
gil,159
yle,159
sif,159
wil,159
hra,158
yco,158
bia,158
xte,158
pia,158
uid,158
sap,158
iom,158
nfa,157
doo,157
gio,157
ebu,157
icl,157
glu,157
rda,157
oxy,156
ews,156
yan,156
ifo,156
ipi,156
nle,156
udd,155
cka,155
efa,155
sym,154
gos,154
eut,154
hog,154
gur,154
edg,154
mbu,154
ror,154
tax,153
yti,153
efr,153
unl,153
tox,153
igu,153
rgo,153
ibu,153
vio,152
tow,152
eru,152
cau,152
kno,152
mad,152
hle,152
bag,152
inh,151
eek,151
unm,151
hia,151
neg,151
dru,151
rtu,151
alp,151
sag,150
leu,150
mur,150
teo,150
heo,150
nob,150
irl,150
uel,150
sad,149
mps,149
nha,149
fou,149
cog,149
hti,149
eau,149
cup,148
had,148
fea,148
asa,148
isl,147
izz,147
rut,147
swo,147
azo,147
phs,146
ody,146
usc,146
rul,146
gma,146
eps,146
gem,145
hei,145
zon,145
ltu,145
vet,145
aid,145
bun,144
fit,144
utb,144
pse,144
wns,143
oac,143
aln,143
suc,143
sua,143
rfe,143
twa,143
nai,143
unw,143
dur,143
uet,142
nym,142
meg,142
ahs,142
pad,142
yne,142
lme,141
url,141
ald,141
rpl,141
dir,141
axe,141
cci,141
kab,141
osm,140
ogu,140
kel,140
lov,140
dim,140
mir,140
usa,140
hio,140
got,139
mem,139
pus,139
bid,139
opu,139
olv,139
uou,139
ubt,138
hus,138
unh,138
rwo,138
bab,138
rui,138
tub,138
hob,137
ldi,137
utp,137
rho,137
hod,137
eor,137
odd,137
nfu,137
fet,137
awn,136
hme,136
uba,136
beg,136
lyt,136
oan,135
ucl,135
gea,135
pag,135
abr,135
abu,135
rla,135
opy,135
vag,134
niu,134
urc,134
apl,134
ivo,134
nex,134
buc,134
irm,134
tep,134
dop,134
fig,134
bod,134
zzl,134
law,133
hym,133
oda,133
aqu,133
chn,133
yna,133
iog,133
oks,132
slu,132
ofi,132
ask,132
urp,132
uga,132
him,132
ylo,132
fts,132
sam,131
gir,131
nod,131
cav,130
cow,130
oqu,130
pta,130
nur,130
sas,130
lyp,130
bee,130
fib,130
syl,129
rbu,129
yph,129
chm,129
rfu,129
pep,129
alv,129
deo,129
rlo,129
teg,128
osh,128
cei,128
zie,128
edd,128
zar,128
pip,128
tut,127
isb,127
lca,127
fee,127
exu,127
lei,127
olt,127
onl,127
haw,127
uda,126
cea,126
siz,126
ckb,126
laz,126
emu,126
gun,126
eit,126
raz,126
gol,126
etc,125
xid,125
ghe,125
oed,125
ubc,125
wai,124
vac,124
xic,124
awl,124
dee,124
isr,124
oic,124
ety,124
yma,123
ayi,123
sav,123
tak,123
yar,123
adu,123
eha,123
arf,123
poc,123
nil,123
fti,122
dst,122
alg,122
lts,122
onp,122
isk,122
lfi,122
hac,122
dot,122
ogn,122
boy,121
vab,121
auc,121
zle,121
onr,121
agu,121
dus,121
acy,121
oxe,121
uad,121
lki,121
enl,121
goo,121
oer,120
mop,120
nip,120
onu,120
cac,120
sni,120
rto,119
ley,119
nho,119
hid,119
wei,119
aws,119
fly,119
wle,119
spu,119
mni,118
ymo,118
cca,118
rau,118
wne,118
ozo,118
aim,118
idn,117
xer,117
urf,117
nep,117
loy,117
ued,117
xed,117
tst,117
ync,117
ogo,117
dgi,116
idg,116
lud,116
bse,116
oal,116
urv,116
gum,116
ypt,116
rug,116
kne,116
ims,115
dum,115
esm,115
hiz,115
day,115
rru,115
diu,115
xpl,115
hth,115
ulc,115
eup,114
owa,114
dys,114
shu,114
did,114
uir,114
hoe,114
yra,114
liq,114
iop,114
ulp,114
oit,114
kal,114
joi,114
erk,114
rtl,113
yel,113
nhe,113
urd,113
ucc,113
ubr,113
nov,113
ags,113
wag,113
lel,113
zen,113
lef,113
moi,113
jur,112
dac,112
nau,112
kit,112
lsi,112
thl,112
hig,112
onm,112
nvo,112
mig,112
ulg,112
idl,111
tup,111
gou,111
nwa,111
oya,111
kar,111
lmi,111
eos,111
giz,111
fid,111
shm,111
lym,110
who,110
scl,110
adj,110
oas,110
orl,110
eud,110
lva,110
hib,110
noo,110
yes,110
ogs,109
pst,109
jun,109
eum,109
odl,108
gus,108
myc,108
ppa,108
oys,108
ryp,108
dmi,107
fix,107
ttr,107
chs,107
deg,107
yse,107
nfr,107
moc,107
upi,107
viv,107
vou,107
gib,106
egg,106
owb,106
uca,106
gga,106
ulu,106
lae,106
rex,106
rys,106
tma,106
ogl,106
bso,105
rsp,105
rha,105
nma,105
nnu,105
upr,105
tyr,105
gme,105
ngn,105
oft,105
gab,105
mam,105
utl,105
two,104
imu,104
rpa,104
owd,104
rae,104
enz,104
iru,104
rdl,104
itl,104
utf,104
etu,104
fai,104
isf,103
oud,103
rok,103
umo,103
bug,103
egl,103
ixe,103
fru,103
otl,103
uph,103
dai,102
rpi,102
rfi,102
ems,102
sui,102
rsu,102
ebi,102
oub,101
afe,101
dve,101
nkl,101
ptu,101
ioc,101
mud,101
aya,100
eaf,100
gee,100
isu,100
boi,100
pru,100
nly,99
amy,99
adl,99
awe,99
jud,99
mob,99
rue,99
lta,99
tba,98
wha,98
vig,98
eot,98
toe,98
enf,98
utw,97
rak,97
twe,97
asu,97
elf,97
uge,97
utg,97
rox,97
mab,97
utd,97
xyl,97
eec,96
uzz,96
hma,96
cic,96
thm,96
nla,96
uor,96
dwa,96
hno,96
sew,95
lph,95
iba,95
ilm,95
wli,95
saw,95
oze,95
hif,95
lyz,95
apr,95
iod,95
isd,94
azz,94
lma,94
nwo,94
dun,94
rrh,94
sot,94
mov,93
yon,93
rwa,93
nny,93
hoi,93
usk,93
otc,93
pub,93
muc,93
quo,93
nbo,93
dyn,93
iec,93
wir,92
sky,92
awk,92
rcl,92
lug,92
eag,92
big,92
nro,92
eke,92
emm,92
lke,92
xis,92
iag,92
nva,92
gog,92
anl,92
foc,92
idu,92
hav,92
nju,92
hli,92
luo,91
enr,91
eus,91
jus,91
rej,91
ofe,91
arv,91
iki,91
aes,91
ypi,91
nun,91
dag,91
cub,91
cqu,91
nba,91
nef,91
nbe,91
oen,91
gad,91
voi,90
sod,90
rfa,90
yls,90
yis,90
bom,90
tod,90
god,90
eez,90
cun,90
req,90
ifu,89
inl,89
yce,89
dua,89
pow,89
pht,89
pom,89
eog,89
ggr,89
fia,89
epp,89
usp,88
lch,88
aks,88
olk,88
oye,88
pso,88
xpo,88
eoc,88
rtr,88
say,88
mix,87
wra,87
bib,87
ymi,87
npr,87
hex,87
fam,87
acq,87
jou,86
fau,86
dib,86
lui,86
lew,86
yal,86
tei,86
uco,86
gau,86
nus,86
lga,86
oel,86
tex,86
lks,85
niv,85
bum,85
dew,85
soa,85
nri,85
tau,85
mne,85
uno,85
npo,85
reu,85
coh,85
nua,84
tsi,84
mec,84
rfo,84
wes,84
uvi,84
gai,84
fab,84
izo,84
hoa,83
sog,83
cko,83
kat,83
tla,83
odg,83
wid,83
smu,83
isg,82
ndb,82
myo,82
seu,82
igm,82
uds,82
lka,82
rmu,82
aig,82
bje,82
lci,81
sev,81
sre,81
amu,81
tze,81
pne,81
exh,81
yno,81
nsf,81
osy,81
osu,81
lak,81
kst,81
acs,81
ryi,80
rah,80
pay,80
dwo,80
llb,80
eom,80
stf,80
giv,80
civ,80
nsl,80
bai,80
ief,80
vot,80
gag,80
saf,79
hoc,79
rhi,79
itz,79
lpa,79
ocl,79
lil,79
agm,79
aza,79
nsm,79
nae,79
ygo,79
rgu,78
suf,78
hut,78
udo,78
rfl,78
lol,78
agl,78
dei,78
dju,78
lul,77
acl,77
seq,77
tfi,77
ibo,77
rgr,77
haf,77
alb,77
onj,77
seg,77
goe,77
lbo,77
pab,77
ubm,77
stm,77
dry,77
mom,77
ixi,76
wre,76
eze,76
lua,76
tbo,76
neb,76
aic,76
jet,76
gha,76
atl,76
nbr,75
lco,75
elm,75
roe,75
hae,75
hwa,75
ilk,75
onk,75
jug,75
uie,75
ooz,75
eiv,75
dap,75
onb,75
goi,75
nei,75
gho,75
elp,75
dsh,75
gyn,75
pog,75
cya,75
ahe,74
fem,74
lpi,74
iew,74
kas,74
uas,74
teu,74
rno,74
fon,74
hyr,74
bef,74
hbo,74
hiv,73
sob,73
sfu,73
oog,73
ulk,73
lfu,73
cky,73
cof,73
poe,73
ryt,73
rwe,72
oet,72
doe,72
eny,72
eil,72
lax,72
alf,72
oru,72
pok,72
rhy,72
hru,72
lth,72
wig,72
kha,72
bog,72
deh,72
kid,71
rbr,71
zan,71
ryl,71
zab,71
bsc,71
tsh,71
nyl,71
any,71
dex,71
cys,71
ecc,71
mim,71
wni,71
fug,71
ady,71
xen,71
nmo,70
ugs,70
ldo,70
ilb,70
utu,70
asy,70
ohe,70
fut,70
ubd,70
vei,70
hew,70
kho,70
ska,70
rbl,70
inw,70
dau,70
ury,70
uve,70
lse,70
ckw,70
dho,69
mle,69
ymb,69
bba,69
nav,69
lmo,69
bud,69
rdr,69
zym,69
ffo,69
ilu,69
ifa,69
beh,69
sos,69
cch,69
kag,69
rgl,69
obu,69
obt,69
bob,69
xua,68
due,68
vey,68
thw,68
ebl,68
dma,68
max,68
igl,68
aed,68
lge,68
rty,68
cob,68
uic,68
enh,68
ubo,68
hfu,68
npa,68
gaz,67
eki,67
bew,67
ynt,67
eft,67
loq,67
sip,67
hep,67
bem,67
irk,67
dup,67
kni,67
eex,67
tad,67
lal,67
elv,67
lvi,67
lgi,67
uke,67
lyi,66
ckh,66
wak,66
awi,66
bui,66
nbu,66
xio,66
soo,66
euc,66
cht,66
pts,66
eir,66
bad,66
myt,66
ruf,66
xtu,66
wav,66
zzi,66
iap,65
pik,65
olf,65
ffu,65
yre,65
soi,65
amn,65
onh,65
tuf,65
kma,65
nak,65
ybo,65
ndw,65
aka,65
haz,65
hni,65
sys,65
pau,64
pio,64
sof,64
env,64
nty,64
cib,64
dba,64
zze,64
tob,64
psh,64
bak,64
lba,64
ndy,64
inq,64
omn,63
chb,63
rqu,63
hak,63
rls,63
ppy,63
igs,63
xan,63
pum,63
wie,63
yop,63
tuo,63
iam,63
xci,63
mbs,63
ksh,62
gyr,62
tef,62
kic,62
gid,62
xil,62
dhe,62
seb,62
rik,62
npl,62
sba,62
fum,62
sbe,62
vap,62
aby,62
ngb,62
ccl,62
gom,62
ipr,61
xia,61
ckn,61
ghs,61
inj,61
wab,61
xim,61
lwo,61
lho,61
mli,61
ofo,61
mee,61
lst,61
gst,61
rps,61
ply,61
cai,61
xie,60
peo,60
rym,60
yca,60
oir,60
oak,60
ssy,60
pup,60
joy,60
onw,60
sir,60
dad,60
vai,60
etl,60
ayo,60
ngh,60
mio,60
icc,60
jam,60
ifl,60
tty,60
luv,60
oxa,60
tok,60
xon,60
cak,60
bby,60
taf,60
bsi,59
tzi,59
dod,59
ceo,59
bif,59
ngt,59
jin,59
may,59
yea,59
rur,59
inb,59
thn,59
kir,59
eje,59
xpa,59
pug,59
ffa,59
you,59
snu,58
oho,58
ywa,58
cim,58
ryn,58
sug,58
urm,58
hok,58
gut,58
wad,58
ckf,58
oam,58
huc,58
tca,58
tsp,58
iny,58
dwi,58
yos,58
umu,58
psa,58
feu,58
ntn,58
kbo,57
zoa,57
sue,57
ndp,57
kan,57
pae,57
cag,57
goa,57
wax,57
roy,57
owt,57
lux,57
hov,57
emn,57
bco,57
yso,57
euk,57
paw,56
ugu,56
lfa,56
eju,56
sks,56
otu,56
vib,56
tsm,56
lyg,56
xce,56
leh,56
idy,56
rey,56
lah,56
fog,56
mys,56
ubu,55
inm,55
nub,55
fei,55
eeb,55
ofa,55
pav,55
arw,55
dme,55
ywo,55
adh,55
ilv,55
tbr,55
tew,55
viz,55
ysa,55
loe,55
cui,55
lyr,55
yze,54
abd,54
xat,54
jar,54
liu,54
ndm,54
maz,54
icy,54
htl,54
fad,54
wif,54
lms,54
nlo,54
tpo,54
vea,54
ssm,54
iks,54
ozi,54
uld,54
ubj,54
zil,54
tsc,53
eid,53
fav,53
gig,53
ajo,53
ipu,53
meo,53
eim,53
ooe,53
esq,53
yas,53
eev,53
aux,53
nka,53
llm,53
hmi,52
tsa,52
sst,52
wro,52
eei,52
fos,52
iaz,52
gap,52
ffr,52
rnu,52
sef,52
hay,52
lto,52
oka,52
thf,52
kwo,52
rcr,52
ghi,52
yot,52
upa,52
erj,52
nwi,51
yab,51
rtn,51
nsw,51
dda,51
afi,51
uip,51
zyg,51
nud,51
irp,51
uty,51
zoi,51
tfa,51
gim,51
kro,51
kwa,51
chw,51
yba,51
pud,51
mok,51
rka,50
deu,50
dca,50
hwo,50
tpr,50
njo,50
eic,50
xpr,50
mna,50
aum,50
zol,50
uru,50
noe,50
mum,50
phl,50
zza,50
aem,50
eod,50
eaw,50
tco,50
ybe,50
dso,50
tui,50
hul,50
tdo,50
dsm,50
mst,50
uac,50
dbo,50
dmo,49
heb,49
ubp,49
obj,49
wam,49
shy,49
lya,49
rkl,49
ggy,49
lsh,49
tsu,49
toa,49
sfi,49
gey,49
dyi,49
bdu,49
rsc,49
odr,49
ovo,49
axo,49
ckt,49
utm,49
xor,48
lfe,48
mau,48
aha,48
ewr,48
anq,48
nuf,48
aub,48
yol,48
sud,48
pno,48
usu,48
egn,48
bay,48
nhi,48
aym,48
won,48
bry,48
adw,48
xam,48
edb,48
cud,48
ckp,48
jol,48
ugl,48
ckr,48
rax,48
bip,48
kly,48
eyi,48
kna,48
lcu,48
uab,48
dox,48
ssp,47
nky,47
enw,47
gov,47
lyb,47
doi,47
tof,47
iad,47
oec,47
nib,47
jer,47
wbo,47
xem,47
mah,47
veg,47
ooi,46
uiv,46
ezi,46
ndf,46
ssw,46
mmy,46
egm,46
ooc,46
bub,46
tav,46
foi,46
lbi,46
ssb,46
etw,46
iae,46
tbu,46
npe,46
kou,46
atm,46
jum,46
eob,46
web,46
sgr,46
ixt,46
dah,45
vok,45
nmi,45
kon,45
xot,45
keb,45
bbo,45
ahi,45
wol,45
nwe,45
tso,45
tym,45
taw,45
aty,45
ika,45
ofl,45
sfo,45
ucr,45
oap,45
xec,45
cae,45
llf,45
roz,45
llh,45
sfe,45
aen,45
boc,45
mug,45
ypa,44
kib,44
tse,44
elc,44
omf,44
awb,44
kim,44
ayl,44
owm,44
rld,44
dfi,44
nzo,44
ulm,44
ucu,44
ynd,44
rvo,44
anh,44
tdr,43
fox,43
lty,43
lhe,43
vex,43
pme,43
rbs,43
ckm,43
bau,43
ysp,43
dpa,43
naw,43
buf,43
esk,43
mye,43
ulv,43
yog,43
ehy,43
atf,43
heu,43
hug,43
wba,43
yng,43
kra,43
ddy,43
ehi,43
wim,43
arq,42
myl,42
tiq,42
tfo,42
pox,42
yho,42
nev,42
bim,42
eef,42
ebb,42
gbo,42
wls,42
lpe,42
wic,42
shb,42
cym,42
aup,42
rsl,42
uee,42
atb,42
pam,42
lof,42
mif,42
xcl,42
dla,42
uag,42
zel,42
enm,42
sbo,42
inp,42
vow,42
eun,42
xac,42
mew,42
pim,41
aet,41
rtm,41
oje,41
nra,41
kla,41
aru,41
ohi,41
rek,41
ntw,41
sey,41
ybr,41
lfo,41
lir,41
olm,41
aho,41
peg,41
aml,41
yps,41
wse,41
uea,41
ueb,41
uki,41
dlo,41
stb,41
yge,41
eof,41
vec,41
imn,41
uot,41
yde,41
stn,41
nik,41
lbe,41
pew,41
olc,40
ubv,40
yac,40
oyi,40
stp,40
nue,40
dub,40
rdu,40
meb,40
wet,40
lda,40
ypn,40
ozy,40
zot,40
nhu,40
xit,40
rdn,40
tmo,40
pbo,40
npi,40
ofu,40
ghb,40
gth,40
cty,40
kew,40
kfi,40
eiz,40
kol,39
ayb,39
nzy,39
jig,39
umn,39
utz,39
psu,39
luf,39
mip,39
lce,39
yci,39
anz,39
dov,39
mae,39
xal,39
apy,39
gob,39
anf,39
jes,39
wde,39
cew,39
hba,39
bei,39
dse,39
ayw,39
zas,39
tae,39
dfa,39
upb,39
ntm,39
hik,39
stw,38
vad,38
cef,38
map,38
shw,38
roj,38
osk,38
xti,38
teb,38
owh,38
orw,38
wth,38
duo,38
mpy,38
urk,38
nje,38
owp,38
tts,38
uai,38
vem,38
hev,38
hla,38
rnm,38
irn,38
bte,38
orf,38
kep,38
nbi,38
seo,38
odw,38
ugi,38
tay,37
ilg,37
tcr,37
bap,37
zli,37
tlo,37
dvi,37
heg,37
hmo,37
sbu,37
cee,37
raj,37
miu,37
vam,37
pif,37
waf,37
isj,37
esl,37
gns,37
tah,37
sow,37
egs,37
rpu,37
stc,37
tuc,37
eoi,37
ttu,37
ugn,37
arh,37
dwe,37
ieg,37
obr,37
bta,37
tga,37
apu,37
ceb,36
sde,36
yok,36
lpo,36
tiu,36
adb,36
ldl,36
owf,36
jor,36
kba,36
ymn,36
kup,36
ckc,36
gaw,36
ndn,36
kam,36
lso,36
oeb,36
unu,36
eya,36
ldr,36
dsi,36
kyl,36
nwr,36
enj,36
otb,36
eja,36
jag,36
ogm,36
vee,36
pei,35
ygr,35
msh,35
eif,35
rix,35
llw,35
lyo,35
ymm,35
ctn,35
rwi,35
toz,35
btr,35
awd,35
ofs,35
exs,35
esw,35
piz,35
huf,35
eew,35
yor,35
ssh,35
lln,35
kop,35
cyb,35
daw,35
fue,35
maj,35
xto,34
kto,34
ccr,34
dob,34
ayf,34
lyn,34
tyi,34
ctl,34
lky,34
efs,34
tgu,34
rgy,34
gav,34
lbu,34
ddo,34
cyp,34
byt,34
itn,34
itm,34
daz,34
xha,34
moe,34
mfu,34
eaz,34
htf,34
sgu,34
tih,34
ciu,34
nza,34
hry,34
dyl,34
bam,34
kos,34
adg,33
ngy,33
ilf,33
xcu,33
hyg,33
bdo,33
baw,33
naz,33
lha,33
dfu,33
klo,33
onq,33
tth,33
fow,33
wen,33
biz,33
nkn,33
rpt,33
uko,33
joc,33
tpa,33
iob,33
lsa,33
puc,33
dth,33
rtw,33
ygi,33
uso,33
yda,33
nsk,33
oei,33
kfu,32
msi,32
wiv,32
xcr,32
sht,32
lwa,32
bys,32
fta,32
knu,32
rya,32
rml,32
oum,32
ilh,32
jew,32
vau,32
sov,32
jan,32
kip,32
rtz,32
zor,32
eug,32
gwo,32
aec,32
ezz,32
atn,32
kad,32
oem,32
roq,32
upc,32
biv,32
ihe,32
iur,32
kre,32
isy,32
ouf,31
lix,31
afo,31
elh,31
ekn,31
oag,31
roh,31
wki,31
bve,31
lro,31
tza,31
hyo,31
nja,31
jel,31
nuo,31
sro,31
sku,31
pef,31
upo,31
pyl,31
mez,31
tsw,31
yni,31
lld,31
isq,31
foa,31
ugo,31
eks,31
xhi,31
esy,31
nsn,31
khe,31
rua,31
ioe,31
nze,31
esb,30
etb,30
emy,30
neq,30
ilc,30
eia,30
bey,30
niq,30
mno,30
kia,30
ndh,30
upu,30
eio,30
dae,30
kta,30
sdi,30
tgr,30
etn,30
coy,30
bop,30
caf,30
fag,30
chp,30
ihi,30
bme,30
myx,30
ohy,30
ecd,30
bae,30
lgo,30
fuc,30
bca,30
upg,30
wdi,30
naf,30
tik,30
tpl,30
bah,30
myr,30
irg,30
gym,30
iry,29
pco,29
afl,29
mei,29
adf,29
ksi,29
dbu,29
ppu,29
wac,29
adn,29
rtf,29
ecy,29
rdw,29
cox,29
xpu,29
phu,29
wbe,29
uxe,29
enb,29
goc,29
cuf,29
dye,29
ptr,29
zeb,29
kul,29
oea,29
yaw,29
mep,29
gew,29
ako,29
eyn,29
jon,29
cuo,29
nbl,29
umv,29
kor,29
oev,28
atw,28
fuz,28
kbi,28
gyp,28
dbr,28
jut,28
vom,28
etf,28
gei,28
zit,28
npu,28
bde,28
bju,28
tbl,28
awf,28
kap,28
toy,28
bne,28
dha,28
voy,28
rfs,28
ypr,28
mro,28
pwa,28
xur,28
cua,28
nzi,28
bti,28
dbe,28
buy,28
bok,28
cue,28
nru,28
nof,28
ilp,28
kya,28
sbi,28
syr,28
uos,28
doz,28
idr,28
lup,28
bmi,28
oov,28
vip,28
ngf,28
yza,27
hup,27
soe,27
yen,27
tpu,27
bdi,27
ovu,27
ifs,27
luk,27
ffy,27
hyb,27
tsk,27
tbi,27
ixa,27
nui,27
jap,27
rao,27
hwe,27
irw,27
umf,27
ouv,27
htn,27
cly,27
wou,27
sut,27
kai,27
orh,27
uak,27
xco,27
xag,27
nry,27
aik,27
eul,27
biu,27
ewh,27
tpi,27
wst,26
enp,26
jay,26
ndc,26
nug,26
hya,26
feo,26
uml,26
rdy,26
bez,26
hpo,26
gba,26
ggo,26
lox,26
opm,26
btu,26
nox,26
ieu,26
edy,26
uav,26
gsh,26
ldf,26
lye,26
oha,26
ckd,26
nsy,26
yam,26
ouk,26
thp,26
uiz,26
mfo,26
gdo,26
jau,26
asq,26
mse,26
tue,26
ejo,26
axa,26
xyg,26
owr,26
agh,26
cyl,26
eml,26
edf,26
bcl,26
jub,26
aea,26
ltl,26
alw,26
uze,26
itf,26
gac,26
seh,26
ysm,26
wsh,26
thb,26
elw,26
wsi,26
rhu,26
cku,26
lyw,26
tcl,26
efy,25
pma,25
mho,25
ecs,25
tov,25
cne,25
llp,25
ehu,25
koo,25
chd,25
nir,25
kem,25
gow,25
ufa,25
elb,25
afa,25
atz,25
coz,25
oui,25
klu,25
ivu,25
dsc,25
iem,25
ubf,25
yga,25
eyb,25
unv,25
boe,25
obv,25
pyg,25
zem,25
oko,25
omu,25
irb,25
muf,25
gmi,25
pty,25
obn,24
wfi,24
muz,24
lpl,24
jee,24
xop,24
edw,24
hah,24
mso,24
tbe,24
jos,24
six,24
wma,24
hef,24
avu,24
eeh,24
jas,24
vif,24
ryb,24
yak,24
rje,24
azu,24
hho,24
yod,24
udl,24
dpi,24
ddr,24
olp,24
hub,24
xpi,24
boh,24
dna,24
uef,24
sru,24
ddu,24
giu,24
oww,24
icn,24
iml,24
idw,24
iya,24
jab,24
ghl,24
ubn,24
evu,24
twr,24
dek,24
ipm,24
wau,24
oie,24
xos,23
bik,23
shp,23
juv,23
keh,23
bpr,23
oue,23
anv,23
owc,23
ysu,23
aal,23
ayd,23
tna,23
bno,23
yss,23
eox,23
kay,23
gef,23
uks,23
eae,23
ksa,23
eka,23
jaw,23
pov,23
rwh,23
rsw,23
ngw,23
cay,23
oey,23
kwe,23
ubg,23
kdo,23
gfi,23
tda,23
rsm,23
kah,23
job,23
yms,23
zid,23
rnb,23
gwa,23
tge,23
ibs,23
upd,23
pwo,23
pah,23
rdb,23
ius,23
dav,23
wnl,23
hta,23
tfl,22
lgu,22
wme,22
taz,22
pfu,22
apn,22
aiv,22
oyl,22
yag,22
wwo,22
oym,22
ojo,22
zom,22
kpi,22
olh,22
bev,22
tfe,22
apb,22
dpl,22
oob,22
bvi,22
aje,22
kse,22
yhe,22
nyi,22
sva,22
pki,22
yly,22
dfl,22
noa,22
unq,22
nup,22
dfo,22
rrs,22
ebs,22
mik,22
ewn,22
ulb,22
upf,22
dbi,22
mly,22
caj,22
bsu,22
ngd,22
rmy,22
uxi,22
anj,22
elk,21
olb,21
dsp,21
gay,21
pem,21
adc,21
ksl,21
kke,21
nya,21
zal,21
zep,21
yah,21
mfi,21
ldb,21
lfl,21
baz,21
dik,21
kea,21
dch,21
siu,21
unj,21
esn,21
eza,21
uum,21
sak,21
dva,21
oex,21
rye,21
kru,21
xta,21
pey,21
uam,21
asl,21
iwa,21
ioi,21
hud,21
bma,21
shf,21
jit,21
kme,21
ogh,21
owy,21
viu,21
vos,21
cdo,21
sps,21
eyo,21
dbl,21
fev,21
alr,21
wdl,21
cah,21
sax,21
jui,21
afr,21
ltz,20
wly,20
gop,20
lyh,20
auf,20
dgm,20
wob,20
sra,20
wip,20
ezo,20
zet,20
ehs,20
ixo,20
sda,20
gif,20
eyp,20
ipw,20
ksm,20
eln,20
wbr,20
utv,20
chf,20
ndg,20
ayg,20
aja,20
wiz,20
ptn,20
aiz,20
odb,20
kef,20
dco,20
yfi,20
moz,20
ozz,20
lyd,20
mef,20
kbe,20
amr,20
sah,20
yur,20
gfu,20
zzy,20
rja,20
std,20
guo,20
nsd,20
oxo,20
ewd,20
maf,20
adt,20
bto,20
veo,20
uia,20
ahu,20
zos,20
rnl,20
zea,20
laf,20
moa,20
anb,20
kum,20
pye,20
mvi,20
zzo,20
bha,20
eym,20
utj,20
noh,20
ewl,20
lpt,20
bwo,20
ioa,20
nkf,20
aeo,20
asb,20
ryw,20
oig,20
ftw,20
puf,20
nih,20
kif,19
faw,19
ohm,19
nwh,19
onz,19
dof,19
odh,19
sbr,19
iox,19
xig,19
oml,19
xse,19
hst,19
aku,19
fne,19
nvu,19
zip,19
nsv,19
wdr,19
buk,19
tye,19
keo,19
coq,19
anp,19
geh,19
iin,19
syi,19
wye,19
wnt,19
kur,19
nkt,19
sdo,19
odc,19
sby,19
bov,19
yof,19
geb,19
ybu,19
yup,19
dje,19
rtb,19
aky,19
ypl,19
edc,19
rfr,19
ybi,19
sdu,19
btl,19
gta,19
usb,19
rdm,19
cuc,19
aia,19
yxi,19
tgl,19
rih,19
iho,19
buz,19
nkh,19
ilr,19
rsn,19
hey,19
rky,19
yet,19
uxo,19
hoz,19
tsy,19
awp,19
ugm,19
zap,19
rju,19
iof,19
tey,19
ubh,19
syp,19
bye,19
nmu,19
ygm,19
cec,18
ylv,18
chc,18
hlu,18
agy,18
usq,18
yad,18
oyo,18
fiz,18
awo,18
euv,18
ogw,18
uoi,18
isn,18
nyo,18
upw,18
iln,18
htw,18
kus,18
dpo,18
wke,18
cza,18
usy,18
keg,18
oky,18
aol,18
gnm,18
kpo,18
yeb,18
ijo,18
daf,18
nix,18
eik,18
aor,18
yap,18
dut,18
mwo,18
pgr,18
rij,18
rsk,18
shc,18
xiv,18
rdh,18
yat,18
ewb,18
pyi,18
yxo,18
baf,18
inx,18
ssf,18
ydi,18
lek,18
adp,18
tde,18
bho,18
lfs,18
hui,18
ksp,18
tja,18
gmo,18
fif,18
amf,18
akl,18
ytt,18
bof,18
yke,18
wur,18
fak,18
rnf,18
dym,18
gaf,18
rgh,18
uft,18
wfu,18
sfa,18
awt,18
fud,18
wks,18
stt,17
jib,17
eea,17
jaz,17
uol,17
mav,17
sae,17
ohn,17
wsp,17
ftl,17
nyc,17
sgi,17
wca,17
iau,17
loz,17
zam,17
nay,17
hbr,17
hyc,17
ekl,17
wog,17
von,17
oua,17
yzi,17
wmo,17
yoc,17
uey,17
chk,17
axy,17
sve,17
ipy,17
umc,17
dui,17
tni,17
imy,17
vog,17
tsl,17
abn,17
ckg,17
yfu,17
isw,17
bbu,17
pez,17
ivv,17
veh,17
oxh,17
pix,17
zop,17
iei,17
okl,17
kot,17
veb,17
hms,17
poa,17
ghn,17
pue,17
nhy,17
tva,17
lps,17
yie,17
utn,17
rct,17
sju,17
pyc,17
xol,17
inr,17
aji,16
azy,16
zir,16
jow,16
ubw,16
mla,16
gbe,16
uxu,16
yoi,16
kei,16
rkb,16
xle,16
ctf,16
sjo,16
eah,16
odm,16
lyl,16
chg,16
xys,16
oep,16
nss,16
noy,16
cek,16
byr,16
orv,16
cig,16
otp,16
hpa,16
abj,16
uaw,16
gec,16
etm,16
rnt,16
mox,16
pca,16
liw,16
ocs,16
fov,16
rkn,16
vah,16
owo,16
hua,16
jis,16
ywr,16
fty,16
nxe,16
ukk,16
uif,16
pyo,16
baa,16
nko,16
gip,16
byi,16
jai,16
bbr,16
tmi,16
ngm,16
rnn,16
bej,16
zur,16
dgy,16
pwe,16
xod,16
sdr,16
vvi,16
pda,16
jal,16
utk,16
kbr,16
odp,16
oax,16
wap,16
hoy,16
ozl,16
dhu,16
yrr,16
ggs,16
dno,16
foe,16
oif,16
ouz,16
few,16
joh,16
nxi,16
ytr,16
waw,16
xho,16
ymy,16
afs,16
jok,16
ieb,16
ysh,16
lkl,16
ldu,16
otf,16
ija,15
ooh,15
ssr,15
kve,15
tki,15
anw,15
puz,15
fry,15
xif,15
axw,15
avy,15
lgr,15
jea,15
fto,15
yom,15
xhu,15
ywe,15
hty,15
eov,15
amt,15
jeo,15
sge,15
uod,15
byp,15
ryg,15
sfr,15
xap,15
cni,15
jim,15
bep,15
rtc,15
erz,15
heq,15
ydo,15
ilw,15
cyn,15
ipc,15
mey,15
llc,15
ipb,15
auv,15
imf,15
opw,15
mci,15
dyb,15
awy,15
zig,15
kun,15
ysc,15
lfr,15
kfa,15
ceu,15
ntg,15
iah,15
wla,15
agb,15
etz,15
pbe,15
dgu,15
enk,15
yew,15
hdr,15
pfl,15
pba,15
kbu,15
wbi,15
yxe,15
toh,15
dsl,15
egy,15
yuc,15
gae,15
buo,14
llr,14
hiu,14
dud,14
kka,14
hdo,14
mow,14
kyw,14
lwe,14
mek,14
hpi,14
lkw,14
oaf,14
ldn,14
yny,14
woe,14
myi,14
ufl,14
ynx,14
orz,14
koi,14
zoc,14
wfl,14
yob,14
myd,14
oxt,14
yfl,14
ldc,14
lbr,14
rtg,14
bcu,14
mfl,14
anx,14
wep,14
xas,14
pth,14
auk,14
vre,14
moy,14
nkr,14
tgo,14
xoc,14
nyw,14
spy,14
mof,14
zaz,14
pex,14
hna,14
stg,14
zia,14
ayr,14
nsg,14
gah,14
tpe,14
jah,14
bek,14
gpi,14
kak,14
igw,14
xca,14
wov,14
thh,14
xeg,14
ogf,14
gnu,14
oau,14
wow,14
dzo,14
uoy,14
byl,14
kaf,14
eyl,14
gti,14
uei,14
okm,14
scy,14
shk,14
aar,14
dyk,14
rcs,14
iwi,14
aas,14
lvo,14
lko,14
piq,14
dgr,14
yow,14
beb,14
bhe,14
dni,14
exy,14
xom,14
edm,14
akh,14
zim,14
rza,14
bnu,14
hij,14
irf,14
pfo,14
jad,14
rsy,13
fth,13
gda,13
hbu,13
lvu,13
iko,13
lri,13
vim,13
tyc,13
ylu,13
wsw,13
dvo,13
ckk,13
wpi,13
ueu,13
uay,13
rgs,13
tiw,13
hca,13
ifr,13
djo,13
owg,13
twh,13
awm,13
cno,13
psw,13
bsa,13
abh,13
feb,13
yee,13
yfo,13
riq,13
nkw,13
peb,13
ksc,13
uvr,13
noz,13
feg,13
xul,13
mya,13
ihu,13
yta,13
wto,13
otw,13
itp,13
lmu,13
akf,13
ayp,13
rcy,13
rkp,13
kao,13
lih,13
jog,13
ogb,13
tug,13
ssc,13
tvo,13
lbl,13
xog,13
mih,13
kyb,13
yau,13
jiv,13
pry,13
ayu,13
ipf,13
hsa,13
dcu,13
vyi,13
ntf,13
rwr,13
sko,13
uva,13
ohu,13
uny,13
pdo,13
udy,13
nok,13
rze,13
lkh,13
piv,13
edh,13
uka,13
wnh,13
yru,13
omr,13
bfo,13
dto,13
kmo,13
wry,13
agd,13
soz,13
pak,13
iao,13
xab,13
uon,12
tya,12
hye,12
acn,12
wpl,12
udb,12
aeu,12
kom,12
rjo,12
raa,12
uly,12
iun,12
dak,12
pek,12
pga,12
kyt,12
duf,12
sgo,12
rny,12
eyw,12
opf,12
ndd,12
pdr,12
kyr,12
vro,12
wof,12
llt,12
esd,12
doa,12
upy,12
edt,12
dhi,12
bfu,12
eeg,12
nuk,12
ctm,12
hco,12
chh,12
rkh,12
koe,12
agp,12
kof,12
skr,12
lsp,12
amw,12
rdp,12
rkm,12
wpa,12
uja,12
vod,12
tju,12
kpl,12
swr,12
beq,12
pbr,12
soj,12
ahl,12
dez,12
kiv,12
rmw,12
lft,12
dya,12
vav,12
hto,12
ofr,12
rii,12
zee,12
mby,12
ndt,12
fom,12
uzi,12
ieh,12
otm,12
skl,12
zif,12
rkw,12
ypu,12
ueg,12
bgr,12
fdo,12
loh,12
xfo,12
hso,12
guf,12
uju,12
bsp,12
kca,12
thd,12
rdf,12
ngc,12
arj,12
hox,12
psc,12
kda,12
iwo,12
adz,12
itb,12
soy,12
wnn,12
juj,12
oeh,12
ekt,12
gyl,12
otg,12
zei,12
axl,12
rdc,12
cok,12
dej,12
uye,11
rlu,11
ihy,11
zai,11
vae,11
ldh,11
maw,11
yrm,11
ogt,11
kaz,11
wnw,11
deq,11
paq,11
udf,11
fbo,11
tcu,11
tzo,11
kso,11
guy,11
xib,11
vvy,11
hhe,11
ycn,11
nku,11
wti,11
wdy,11
rmn,11
dja,11
kki,11
epf,11
oyc,11
ptl,11
avv,11
arz,11
myg,11
zag,11
mlo,11
lfh,11
rko,11
gbi,11
dlu,11
wop,11
zou,11
fio,11
yja,11
aos,11
dds,11
irh,11
umy,11
lry,11
dsa,11
kri,11
uec,11
uig,11
tev,11
hgo,11
dpr,11
rez,11
okb,11
epy,11
ygd,11
obw,11
epw,11
vur,11
pfi,11
yeu,11
tci,11
ewm,11
idt,11
mra,11
bce,11
fod,11
osq,11
gwe,11
hyx,11
xts,11
auz,11
hsi,11
moh,11
hsh,11
uep,10
rfb,10
oiz,10
aip,10
ghu,10
jot,10
bij,10
rmf,10
bsh,10
ekk,10
hfi,10
yem,10
dug,10
wpo,10
mti,10
poy,10
pfr,10
ckj,10
awh,10
mbn,10
edp,10
zah,10
hns,10
uji,10
oyn,10
xyp,10
kth,10
maq,10
kys,10
hpl,10
hki,10
kva,10
dsu,10
opc,10
apm,10
rkf,10
anr,10
ayh,10
kec,10
fop,10
ngp,10
zpa,10
pbu,10
csi,10
suk,10
ceh,10
hke,10
rnp,10
wny,10
eej,10
ntz,10
mbf,10
wok,10
bna,10
osg,10
owk,10
ywi,10
msa,10
hcl,10
uhl,10
iov,10
elg,10
syb,10
iid,10
dey,10
dwr,10
rnw,10
bvo,10
nkp,10
agw,10
koa,10
duk,10
hka,10
opk,10
orq,10
ayn,10
pib,10
rmh,10
tyn,10
jil,10
irv,10
paz,10
apd,10
whu,10
oef,10
nkm,10
gyb,10
rzo,10
dcr,10
udr,10
wnb,10
ebt,10
bpa,10
kyd,10
duv,10
dta,10
lqu,10
wot,10
eji,10
nph,10
bwa,10
oio,10
pyh,10
aie,10
lsm,10
shg,10
uib,10
fme,10
aif,10
dyg,10
xuv,10
rzi,10
iwe,10
aou,10
eyc,10
hbl,10
dsk,10
ael,10
uqu,10
lnu,10
eui,10
rnc,10
rpy,10
biq,10
yrs,10
pwi,10
ypy,10
oyp,10
mns,10
uaf,10
oxf,10
eoe,10
tdi,10
oia,10
kfl,10
peu,10
ivy,10
mpk,10
yid,10
apw,10
ksu,10
hbi,10
otd,10
ghh,10
oxc,10
lkm,10
tfr,10
ygl,10
wdo,10
xch,10
oxb,10
lgh,10
nkb,10
bpo,10
zoe,9
laq,9
exf,9
woa,9
syo,9
ewt,9
xub,9
axp,9
ugr,9
izu,9
kti,9
mfe,9
kpe,9
yeh,9
xud,9
ftm,9
bsl,9
gsa,9
nyb,9
olg,9
voo,9
fiy,9
oeq,9
spn,9
ylp,9
cuz,9
kte,9
ryc,9
yip,9
pyt,9
dih,9
gso,9
vug,9
uix,9
cdy,9
hyi,9
oyf,9
iep,9
sga,9
zaf,9
ahn,9
ltw,9
nns,9
jej,9
apf,9
oyd,9
wae,9
psp,9
xli,9
odf,9
xar,9
duu,9
isv,9
pui,9
laa,9
ewf,9
ruo,9
oox,9
kgu,9
xus,9
tys,9
fey,9
fim,9
mfr,9
eky,9
odz,9
htm,9
ghf,9
ycr,9
nys,9
wnf,9
skn,9
nah,9
iek,9
piu,9
hpr,9
iai,9
lcr,9
elr,9
pph,9
owz,9
geu,9
hdu,9
igy,9
kym,9
aju,9
lmy,9
meu,9
xel,9
ldw,9
htc,9
zma,9
bup,9
ycy,9
vov,9
ksw,9
urz,9
okk,9
kpa,8
caw,8
dji,8
pni,8
wah,8
akt,8
wbu,8
bmu,8
hao,8
opg,8
aev,8
ghw,8
hwh,8
stv,8
fho,8
wnp,8
ayc,8
eoz,8
wte,8
ceg,8
mbh,8
fsh,8
hls,8
pyx,8
dyt,8
ftn,8
fsk,8
ewp,8
faq,8
eyr,8
ebc,8
buh,8
oae,8
atp,8
idh,8
haj,8
opb,8
msm,8
lez,8
xaz,8
rux,8
ghr,8
rdt,8
iax,8
kav,8
wpe,8
jik,8
kaw,8
wwa,8
obf,8
lml,8
hfa,8
lra,8
ftb,8
wfa,8
hek,8
ddh,8
zum,8
yir,8
jem,8
tno,8
huz,8
hyn,8
yeg,8
uby,8
dqu,8
riw,8
ufe,8
epc,8
uvu,8
umd,8
ghy,8
uap,8
uyi,8
omc,8
udn,8
pax,8
jav,8
teh,8
bda,8
dga,8
zae,8
fay,8
pmo,8
agt,8
tek,8
rfm,8
zad,8
rby,8
ewy,8
hda,8
fbe,8
lsk,8
eyd,8
kch,8
yul,8
oxl,8
dax,8
bch,8
mpf,8
hbe,8
ymu,8
wgi,8
zib,8
raq,8
gbu,8
lcy,8
eyf,8
mch,8
nyt,8
ldy,8
scs,8
ugb,8
oav,8
zzb,8
xwo,8
psk,8
gsp,8
mve,8
ayt,8
ntd,8
iju,8
eip,8
wsa,8
shd,8
llg,8
orj,8
uhr,8
pja,8
skm,8
gao,8
ncs,8
xyc,8
uxa,8
imc,8
uys,8
kco,8
lej,8
otn,8
vna,8
tzp,8
anm,8
oyr,8
bki,8
wsm,8
ltc,8
fub,8
gug,8
dix,8
hva,8
uae,8
huk,8
omt,8
umr,8
pcu,8
ysl,8
wso,8
cey,8
iak,8
ufr,8
bfi,8
gyi,8
mca,8
dti,8
evr,8
wkw,8
unz,8
pya,8
lpr,8
juk,8
uza,8
eby,8
yep,8
mue,8
ybd,8
zuz,8
pof,8
lru,8
ipn,8
doy,8
mwa,8
lct,8
aio,8
bge,7
ggh,7
ufi,7
zis,7
zew,7
xyt,7
zod,7
uoo,7
pps,7
oku,7
poz,7
lsy,7
myn,7
kry,7
zlo,7
oeu,7
yeo,7
uxt,7
otz,7
yfa,7
zwi,7
dsw,7
igf,7
hnu,7
gms,7
ufo,7
dyw,7
iez,7
kyp,7
nax,7
boz,7
eux,7
itw,7
gdi,7
eow,7
goy,7
bue,7
yha,7
tcy,7
pgi,7
ywh,7
exl,7
vra,7
udh,7
opn,7
obc,7
zuk,7
soh,7
gsi,7
faz,7
bhu,7
nlu,7
suo,7
quy,7
nck,7
kkn,7
tyo,7
gry,7
egh,7
dcl,7
kdr,7
jux,7
yec,7
yve,7
khi,7
evy,7
zic,7
bwe,7
wda,7
tzy,7
tnu,7
xob,7
oik,7
yum,7
gak,7
biy,7
ioh,7
puk,7
ngk,7
fae,7
uzo,7
ycu,7
gko,7
hue,7
mri,7
usf,7
zec,7
bbs,7
ewc,7
eue,7
ybl,7
yim,7
alz,7
pfe,7
sik,7
xah,7
tgi,7
eoh,7
oby,7
udu,7
gof,7
yuk,7
wsl,7
iut,7
ikv,7
igz,7
ezu,7
zeo,7
awr,7
sek,7
shh,7
pob,7
xad,7
uej,7
ahy,7
mwe,7
kae,7
moj,7
ikr,7
agf,7
iit,7
kyj,7
wus,7
iye,7
aei,7
vef,7
gza,7
rnd,7
xly,7
amc,7
wun,6
enq,6
udc,6
umh,6
liy,6
ugw,6
aue,6
peh,6
yrh,6
pwr,6
akw,6
epn,6
wnr,6
apj,6
dnu,6
hwi,6
zog,6
bsk,6
idm,6
wkn,6
wds,6
nji,6
jov,6
dgl,6
hzo,6
bni,6
imw,6
okw,6
umk,6
acm,6
pcl,6
guz,6
erq,6
mto,6
hfl,6
ije,6
tsf,6
aam,6
yrl,6
rkd,6
yae,6
eai,6
ikk,6
ghp,6
wsr,6
mbk,6
oja,6
wzi,6
imr,6
toq,6
amz,6
okr,6
lfb,6
fpr,6
xsa,6
uew,6
shv,6
ixl,6
cuu,6
tdu,6
rvu,6
hfo,6
evn,6
jup,6
ygu,6
pch,6
kok,6
tmu,6
gsl,6
lmm,6
syf,6
lpf,6
swu,6
hgr,6
rir,6
msc,6
ziz,6
gfr,6
fiv,6
dby,6
bgo,6
tht,6
sja,6
ltp,6
miv,6
zyi,6
kcr,6
oai,6
miw,6
obd,6
uyo,6
zul,6
epd,6
fba,6
htu,6
hhi,6
voe,6
wch,6
abm,6
vak,6
wyn,6
byw,6
htr,6
skt,6
fot,6
miq,6
epb,6
tux,6
oxs,6
oji,6
emv,6
wyl,6
tke,6
kob,6
xsi,6
kii,6
uku,6
fax,6
gnl,6
lyf,6
ryd,6
sok,6
gmy,6
ysy,6
ffn,6
joe,6
ugf,6
beo,6
jak,6
vla,6
gwi,6
upn,6
gpl,6
pfa,6
eeq,6
xfi,6
zef,6
hgi,6
muj,6
rnh,6
upm,6
dki,6
kja,6
dyc,6
ntb,6
etp,6
olr,6
rkr,6
atd,6
ypp,6
bfa,6
ryx,6
msy,6
byh,6
ntc,6
ogd,6
eax,6
kaj,6
udw,6
kcl,6
byo,6
azl,6
tyt,6
mco,6
maa,6
bpe,6
wsb,6
xoe,6
oza,6
kgr,6
iaf,6
aeb,6
igt,6
bux,6
wsc,6
vix,6
yki,6
wnd,6
hrs,6
dyf,6
vus,6
ueh,6
ltb,6
rdd,6
mre,6
itg,6
rtt,6
kfo,6
fst,6
cao,6
lzi,6
mpn,6
nuz,6
syw,6
mtr,6
udz,6
tls,6
ehm,6
mpm,6
gud,6
ldp,6
mda,6
yxa,6
fob,6
cma,6
rgn,6
neh,6
jul,6
kow,6
ffb,6
yov,6
fca,6
kev,6
hmu,6
lyu,6
eyh,6
zio,6
htb,6
tqu,6
ffc,6
mbp,6
efd,6
uem,6
odt,6
gep,6
wup,6
uop,6
ngg,6
nii,6
alq,6
kud,6
keu,6
hpu,6
pyb,6
fah,6
zba,6
oyu,6
mce,6
meh,5
dgo,5
ioz,5
xeq,5
bfr,5
wsu,5
ovr,5
aoc,5
ofb,5
bii,5
pke,5
uhe,5
foz,5
zof,5
lno,5
uom,5
ksk,5
gmu,5
ebf,5
vik,5
zuc,5
xov,5
hof,5
yei,5
ruz,5
kax,5
sfy,5
xth,5
lcl,5
hdi,5
izy,5
ynu,5
hqu,5
mbd,5
idf,5
fhe,5
uez,5
wgr,5
syd,5
htt,5
ndk,5
adk,5
wsy,5
zoh,5
lna,5
hix,5
fha,5
eii,5
vue,5
qin,5
mte,5
rpn,5
yzo,5
lwi,5
thq,5
hch,5
koc,5
yry,5
vaw,5
mva,5
iby,5
ykn,5
wnc,5
kiw,5
tgn,5
psn,5
vox,5
bjo,5
fez,5
ucs,5
fpe,5
wos,5
uus,5
lfw,5
kpr,5
fex,5
kye,5
yva,5
xya,5
urq,5
syz,5
lfp,5
cst,5
gfo,5
kox,5
zvo,5
mpb,5
ffh,5
exq,5
pyk,5
koz,5
ghc,5
rmp,5
mwi,5
muo,5
oim,5
bfe,5
xym,5
amd,5
akn,5
euh,5
byc,5
yzy,5
xqu,5
bph,5
xae,5
ftr,5
iha,5
ytu,5
avg,5
okn,5
syt,5
ofy,5
iku,5
iis,5
zni,5
why,5
emd,5
ltf,5
atk,5
dhs,5
dze,5
hnn,5
mib,5
coj,5
ohs,5
gto,5
gfe,5
rsf,5
wsk,5
ueo,5
paj,5
mbm,4
foy,4
aah,4
axs,4
xyu,4
svo,4
mpw,4
wta,4
ryk,4
eyt,4
apk,4
ntp,4
mze,4
gcu,4
zzw,4
lby,4
kwu,4
eww,4
aiq,4
xbe,4
ohl,4
ebd,4
dyp,4
quu,4
yoh,4
sji,4
nye,4
riy,4
abc,4
baq,4
lff,4
ekh,4
epm,4
xtl,4
utq,4
ziq,4
odk,4
tzk,4
afn,4
ajj,4
wum,4
ewu,4
bva,4
feh,4
jna,4
lpm,4
gtr,4
dpe,4
jax,4
tzl,4
esf,4
cuv,4
ddf,4
akr,4
rlp,4
gyv,4
egb,4
aep,4
koh,4
xsc,4
mza,4
vun,4
ehr,4
xet,4
idj,4
xne,4
jif,4
jeb,4
kfr,4
jst,4
vum,4
iuj,4
aan,4
ixm,4
yaf,4
svi,4
ksn,4
ikh,4
omh,4
ziu,4
qur,4
kbl,4
hsp,4
ahd,4
aoe,4
abf,4
ldm,4
jid,4
ibn,4
alh,4
odn,4
zac,4
taq,4
yml,4
rnr,4
uyl,4
mcr,4
msb,4
gox,4
kio,4
ihr,4
asw,4
ahj,4
gsm,4
pkn,4
tyh,4
mdr,4
ccy,4
zun,4
wnz,4
jen,4
afg,4
ndj,4
aoh,4
gsn,4
ksb,4
gwr,4
khs,4
nrh,4
dsy,4
ikd,4
lfn,4
mhe,4
yef,4
lbs,4
wco,4
mki,4
kau,4
rvy,4
bax,4
lmn,4
spb,4
hde,4
xbo,4
ygy,4
srh,4
kij,4
ulw,4
caz,4
aon,4
dok,4
idc,4
yds,4
haa,4
tuy,4
leq,4
kik,4
tsn,4
muu,4
dzu,4
urh,4
idb,4
fef,4
msg,4
awg,4
ffp,4
gja,4
lgy,4
sje,4
fwo,4
avs,4
wlw,4
ksf,4
gup,4
osb,4
ldd,4
dfr,4
ekd,4
yns,4
msd,4
zqu,4
vud,4
yoe,4
aag,4
kko,4
hpe,4
nyh,4
bts,4
opj,4
ljo,4
jeh,4
umg,4
yus,4
lwh,4
wsd,4
zca,4
yoz,4
asn,4
nao,4
dzh,4
atg,4
mje,4
rwu,4
ylg,4
wib,4
xsw,4
vek,4
lkb,4
mqu,4
ahr,4
axb,4
tji,4
avl,4
lyx,4
egw,4
uzl,4
pje,4
cyo,4
ysg,4
ghd,4
ptw,4
oju,4
rfp,4
yct,4
fma,4
urw,4
gpo,4
aib,4
wna,4
jeu,4
hcu,4
aef,4
yun,4
ebw,4
ijs,4
kiu,4
ffm,4
wsg,4
auw,4
hjo,4
psl,4
rmt,4
oee,4
puj,4
muk,4
ogc,4
fuh,4
ngj,4
gnp,4
eyg,4
udp,4
aeg,4
ieo,4
ijr,4
ltn,4
rku,4
ttv,4
mpc,4
pmu,4
upk,4
lok,4
zus,4
wtu,4
bth,4
wng,4
phn,4
luy,4
ylc,4
htj,4
uah,4
suv,4
zly,4
gca,4
lsn,4
rmr,4
aow,4
xip,4
itj,4
loj,4
uvl,4
hax,4
owu,4
hcr,4
byn,4
ylb,4
yey,4
lwr,4
ukl,4
olw,4
tce,4
adq,4
wlo,4
ivs,4
amj,4
qan,4
tyw,4
mij,4
wyt,4
diw,4
jiu,4
ayv,4
qub,4
lsl,4
chv,4
xhe,4
ltm,4
tjo,4
ouq,4
lpy,4
jep,4
inz,4
afu,4
sej,4
lsc,4
ktu,4
wpu,4
zik,4
suz,4
ipk,4
mbt,4
yrp,4
uim,4
ehn,4
pyd,4
dfe,4
fgh,4
umq,4
htg,4
cyg,4
mbw,4
gju,4
efc,4
hsm,4
asd,4
wut,4
ogj,4
qab,4
btf,4
msp,4
evs,4
kov,4
ntj,4
yvn,4
gco,4
zzm,4
emc,4
ssk,4
wbl,4
fep,4
yic,4
mgu,4
ezv,4
cye,4
yvi,4
iup,4
izm,4
imh,4
zoy,4
gub,4
bao,4
haq,4
kjo,4
wno,4
xme,4
byg,4
ezq,4
hja,4
lsf,4
thc,4
kwi,4
ggu,4
kac,4
akk,4
ryv,4
jez,4
fpi,4
pcr,4
bwh,4
xwe,4
axm,4
lao,4
ixu,4
kts,4
ibw,4
nkc,4
wnm,4
lns,4
kaa,4
nyx,4
bja,4
ktr,4
jra,4
lyv,4
pdi,4
umw,4
tlu,4
ciq,4
sbl,4
ghj,4
tez,4
kyi,4
wdn,4
ovs,3
oab,3
ahc,3
fwa,3
yfe,3
lck,3
vga,3
ezm,3
aai,3
iaq,3
byz,3
mgo,3
vui,3
yhi,3
hph,3
lmg,3
zeu,3
vri,3
pej,3
mka,3
ryh,3
wfo,3
fsi,3
hmm,3
ysr,3
nsq,3
ptb,3
wdu,3
rmb,3
lni,3
bav,3
uya,3
tkn,3
mnl,3
usw,3
kwr,3
tyg,3
zob,3
tyf,3
fse,3
ecz,3
wcl,3
wev,3
kvo,3
uzu,3
zhi,3
syg,3
aiy,3
rkk,3
ftc,3
kgo,3
aoi,3
sye,3
hoh,3
vep,3
fsa,3
xtb,3
vew,3
ryf,3
lre,3
mnd,3
ofn,3
fsc,3
zok,3
cze,3
udm,3
htp,3
wmi,3
ftg,3
ubz,3
urj,3
zyl,3
nps,3
nvy,3
siq,3
bsy,3
zmo,3
ysf,3
lii,3
eoo,3
foh,3
dzi,3
ewg,3
ryz,3
hse,3
xwi,3
ixy,3
mdi,3
wts,3
nmy,3
dkh,3
joa,3
bke,3
ruk,3
ezy,3
tsv,3
kku,3
lze,3
tvi,3
pbi,3
yty,3
mlu,3
abw,3
osz,3
ynk,3
jua,3
ssg,3
alx,3
gfl,3
ovk,3
gev,3
lcs,3
wef,3
nek,3
mmh,3
ozn,3
ahz,3
psf,3
wga,3
aii,3
kuc,3
unx,3
xoi,3
zme,3
nkg,3
ufs,3
skb,3
rsb,3
chz,3
rfy,3
olz,3
rdg,3
uio,3
ixp,3
tij,3
ybb,3
vve,3
lpu,3
xyi,3
hii,3
saz,3
sox,3
umt,3
mnu,3
bwi,3
tzu,3
vkh,3
xyh,3
fjo,3
ysk,3
tzv,3
mev,3
ubk,3
xeo,3
gby,3
wps,3
ldt,3
oux,3
bfl,3
dke,3
uqs,3
cme,3
idp,3
ctz,3
kue,3
kej,2
rmg,2
aob,2
ddb,2
gnc,2
osl,2
okt,2
akv,2
jic,2
yby,2
ikn,2
lfd,2
zug,2
fek,2
dtr,2
igb,2
icw,2
ulz,2
bzo,2
hlw,2
tsb,2
uiu,2
gse,2
yyi,2
rbw,2
cwm,2
gnb,2
lmd,2
elj,2
wyc,2
rrg,2
ryj,2
opd,2
jef,2
dts,2
msk,2
xvi,2
ysw,2
wkm,2
vez,2
eie,2
zzt,2
ozu,2
shs,2
edq,2
izs,2
ecp,2
hiw,2
gsf,2
wul,2
oix,2
osn,2
qop,2
zwo,2
dsq,2
zue,2
lyk,2
oyh,2
rck,2
ooj,2
exd,2
ojd,2
woc,2
uky,2
ecq,2
gsg,2
lmf,2
wya,2
fgr,2
mth,2
irz,2
rlw,2
fbi,2
byx,2
fyl,2
ylt,2
kyu,2
zcu,2
wod,2
rff,2
asz,2
hlr,2
rmc,2
crw,2
fwe,2
obk,2
okp,2
tuq,2
gde,2
brr,2
fyk,2
uzy,2
tzm,2
afh,2
aua,2
pih,2
rfg,2
esg,2
kga,2
ggm,2
aog,2
zda,2
uok,2
tyd,2
zhe,2
syk,2
pby,2
omk,2
eko,2
xba,2
gyw,2
bty,2
npy,2
aeq,2
luh,2
ptc,2
tzn,2
lku,2
qsh,2
gcr,2
vii,2
rfd,2
ggn,2
ztr,2
gsb,2
ogv,2
uoh,2
abg,2
lmc,2
uyb,2
gyt,2
wnu,2
yuz,2
uha,2
koj,2
ruy,2
cyx,2
eib,2
wss,2
icq,2
lkt,2
ajn,2
etd,2
pij,2
huv,2
axt,2
yrn,2
xyr,2
caq,2
bex,2
uwa,2
xgl,2
mpp,2
zyd,2
obh,2
lmb,2
moq,2
luj,2
cii,2
dyv,2
mnn,2
bwr,2
nsr,2
qel,2
oxu,2
etk,2
fcu,2
huy,2
ukr,2
asv,2
ncm,2
mup,2
ttj,2
xey,2
mru,2
gzw,2
pyu,2
vyw,2
guv,2
obg,2
dii,2
pmi,2
rtd,2
ekb,2
irq,2
xbl,2
oyb,2
yut,2
ebm,2
htv,2
ruw,2
otq,2
iji,2
xso,2
exn,2
ulr,2
heh,2
azp,2
geg,2
bgl,2
aok,2
uwo,2
yai,2
wlp,2
vda,2
cwe,2
tix,2
lfm,2
dls,2
hoj,2
ruv,2
cyw,2
uau,2
awc,2
fft,2
ovy,2
rzt,2
gje,2
oxw,2
ulq,2
rfh,2
zaa,2
ggb,2
rdv,2
mkh,2
xga,2
abk,2
pyw,2
tyk,2
euz,2
ibc,2
uvs,2
owj,2
jnh,2
zsk,2
sri,2
wix,2
gva,2
ruu,2
rcc,2
rzu,2
oxv,2
auo,2
hej,2
vob,2
ggc,2
bcr,2
jih,2
gii,2
nby,2
zkr,2
mnb,2
mge,2
ugz,2
auh,2
lsw,2
rfn,2
asr,2
emt,2
ddn,2
saj,2
qat,2
rnv,2
zwa,2
ouj,2
ekf,2
yit,2
fyc,2
acb,2
kuv,2
cbo,2
xsk,2
oxp,2
aui,2
wff,2
lsv,2
iow,2
yrd,2
uiy,2
mko,2
doj,2
gnn,2
wgu,2
gwu,2
hfe,2
xbi,2
cth,2
zsl,2
rpm,2
xfu,2
vev,2
xuo,2
mbc,2
sny,2
efw,2
ukt,2
ahm,2
psq,2
aaf,2
hgu,2
ggf,2
naq,2
uun,2
ibg,2
ouh,2
mdu,2
wby,2
mha,2
vgo,2
uhi,2
fiq,2
kut,2
dph,2
ezc,2
wkb,2
zey,2
veu,2
eij,2
mbb,2
fsb,2
zji,2
oln,2
emw,2
yrf,2
xyz,2
avr,2
uwi,2
ttm,2
gsk,2
ksg,2
ddm,2
ymk,2
fni,2
ylx,2
fip,2
ijn,2
skw,2
jat,2
nzu,2
mex,2
ioj,2
bgu,2
waz,2
esr,2
ecb,2
wjo,2
muh,2
mpg,2
pym,2
hmy,2
okd,2
xiu,2
diq,2
gwh,2
uyt,2
pbl,2
ufy,2
csp,2
bka,2
uhw,2
uxg,2
jod,2
xup,2
auu,2
ocm,2
ndq,2
aqi,2
wcu,2
fuj,2
ksy,2
lza,2
qai,2
lmt,2
elz,2
zbo,2
bhi,2
eua,2
rnk,2
jir,2
ouw,2
dsb,2
kci,2
iyi,2
rwt,2
ylf,2
kuk,2
wsf,2
yhy,2
qir,2
kex,2
zay,2
ocn,2
psm,2
izc,2
hnb,2
rqa,2
fui,2
okf,2
xiw,2
akd,2
wru,2
rlf,2
ctw,2
igp,2
ceq,2
ulh,2
zax,2
taj,2
izb,2
xyf,2
xeb,2
mpd,2
nnm,2
jip,2
ynn,2
sfl,2
evz,2
iyk,2
yld,2
dpu,2
otj,2
ofp,2
xst,2
zna,2
suq,2
afy,2
cev,2
piy,2
azm,2
asj,2
hlb,2
esv,2
ssd,2
hnd,2
zyw,2
kdi,2
wgl,2
wyv,2
mdo,2
zgi,2
omz,2
mja,2
yil,2
gdu,2
juc,2
teq,2
wms,2
lkf,2
auq,2
zzc,2
fch,2
izd,2
rkt,2
ttw,2
cug,2
wll,2
nyr,2
wek,2
nnk,2
idz,2
zyv,2
fhy,2
ynh,2
uzh,2
ebp,2
dyd,2
usg,2
wky,2
kyc,2
qiv,2
tao,2
wzy,2
izg,2
aot,2
pgu,2
gsr,2
uox,2
nuu,2
guh,2
vaq,2
kpw,2
vsk,2
jeq,2
xmo,2
twy,2
ilq,2
yez,2
cyh,2
cbu,2
ihl,2
efn,2
dwh,2
aht,2
caa,2
lxa,2
yfr,2
wln,2
nyp,2
ivr,2
fje,2
abv,2
pyj,2
vyh,2
gnt,2
okc,2
xir,2
boj,2
xty,2
dte,2
iyo,2
uzj,2
sii,2
ipd,2
ftp,2
gcl,2
xok,2
llj,2
daq,2
aap,2
voq,2
ggp,2
rbn,2
oib,2
gpe,2
aih,2
zka,2
xma,2
usj,2
cpa,2
goh,2
ghm,2
kyn,2
meq,2
lsb,2
llk,2
vop,2
hwr,2
aqa,2
avd,2
yay,2
eqe,2
cuk,2
weg,2
tyx,2
idv,2
zyz,2
baj,2
omw,2
lpw,2
yia,2
mss,2
eey,2
wik,2
dyh,2
ayy,2
tby,2
ipj,2
ffd,2
afw,2
oxg,2
yvo,2
iwh,2
xwa,2
ndz,2
ssj,2
vye,2
nuy,2
ikt,2
ekp,2
hfr,2
dka,2
npf,2
twu,2
ylm,2
htd,2
gfa,2
cyd,2
zva,2
tzs,2
rhs,2
huj,2
axh,2
laj,2
ehl,2
zto,2
osw,2
ydd,2
myw,2
zbe,2
akm,2
syu,2
mmk,2
ynf,2
xde,2
kmi,2
fyt,2
ucy,2
yug,2
yzz,2
kua,2
bdw,2
gaa,2
hsk,2
gch,2
biw,2
lsg,2
kwh,2
dhr,2
yfy,2
qad,2
okh,2
ldv,2
ufu,2
ekv,2
rlh,2
mml,2
ygn,2
ylk,2
bpl,2
kuf,2
zek,2
eix,2
ftu,2
dux,2
fsp,2
iuq,2
axn,2
yrt,2
gsy,2
eaq,2
wld,2
fuf,2
atj,2
wec,2
toj,2
faj,2
guc,2
xix,2
rng,2
khd,2
ekw,2
gyo,2
vzo,2
ilz,2
yua,2
kug,2
hve,2
uaa,2
oou,2
aww,2
buq,2
hge,2
dhp,2
ltd,2
naa,2
mvo,2
mde,2
tuk,2
hrz,2
dyo,2
jae,2
bdr,2
kyh,2
kiy,2
joj,2
vlo,2
eoa,2
vru,2
ozh,2
izn,2
pev,2
uik,2
wlf,2
lzo,2
euo,2
yka,2
qwe,2
eku,2
rlk,2
bmh,2
ohr,2
msu,2
evv,2
aek,2
byd,2
usm,2
jji,2
vni,2
zeh,2
oow,2
iwr,1
iul,1
hko,1
jki,1
niw,1
fke,1
kuz,1
wkl,1
yaa,1
nyf,1
rvs,1
zyb,1
yiy,1
fyn,1
szy,1
jia,1
ikl,1
umj,1
yxy,1
bih,1
mms,1
pfs,1
pii,1
xeu,1
mry,1
bku,1
dyu,1
tvy,1
miy,1
ylr,1
bpu,1
iey,1
axu,1
akp,1
rzy,1
jds,1
wey,1
rsq,1
ihs,1
tiy,1
gty,1
kod,1
pna,1
lzy,1
wze,1
beu,1
wud,1
gih,1
xtd,1
php,1
bze,1
aqs,1
qas,1
zhk,1
zzz,1
ojk,1
pss,1
pgo,1
vys,1
xii,1
msf,1
aex,1
duh,1
aae,1
ixf,1
lvy,1
yks,1
wfe,1
ebk,1
lhi,1
zho,1
cso,1
mcu,1
xye,1
mny,1
jev,1
zow,1
aop,1
pku,1
nnl,1
mfs,1
gds,1
ghg,1
qis,1
lxe,1
smy,1
cmi,1
vyl,1
wtr,1
poh,1
yik,1
jje,1
szo,1
qal,1
rrr,1
gte,1
ffk,1
ycs,1
uws,1
xls,1
mii,1
dsf,1
htk,1
hky,1
kje,1
iyn,1
pff,1
nhs,1
nkj,1
iky,1
rpw,1
cyi,1
jom,1
wfs,1
nxl,1
mfy,1
tii,1
wty,1
wfr,1
huh,1
kky,1
aij,1
zii,1
hez,1
mky,1
nqs,1
ftt,1
yts,1
eqa,1
spt,1
lfy,1
nij,1
sze,1
imj,1
ryu,1
ynb,1
